pet_name,age,image_url
Bella,2,https://images.unsplash.com/photo-1558788353-f76d92427f16
Max,4,https://images.unsplash.com/photo-1517423440428-a5a00ad493e8
Charlie,1,https://images.unsplash.com/photo-1507149833265-60c372daea22
Luna,3,https://images.unsplash.com/photo-1548199973-03cce0bbc87b
Rocky,5,https://images.unsplash.com/photo-1548199970-13f3398c9a70
Molly,6,https://images.unsplash.com/photo-1560807707-8cc77767d783
Daisy,3,https://images.unsplash.com/photo-1560807707-8cc77767d783
Cooper,2,https://images.unsplash.com/photo-1592194996308-dedca870e6f6
Sadie,4,https://images.unsplash.com/photo-1574177205580-53f11b33b9e9
Toby,1,https://images.unsplash.com/photo-1601758003122-45b1d3c78c5d
Ruby,5,https://images.unsplash.com/photo-1548123373-61f46408b8f6
Coco,6,https://images.unsplash.com/photo-1570566919520-797b2036a6a9
Milo,2,https://images.unsplash.com/photo-1598133894008-7fbebd5bcd62
Zoe,3,https://images.unsplash.com/photo-1600291394810-7f7254b9d56d
Oliver,4,https://images.unsplash.com/photo-1598133894153-ecf8e0f8c076
Lily,1,https://images.unsplash.com/photo-1549282913-396483d1ad23
Bailey,3,https://images.unsplash.com/photo-1518717758536-85ae29035b6d
Simba,6,https://images.unsplash.com/photo-1577095124361-cfd8d8e7e23b
Maggie,2,https://images.unsplash.com/photo-1600891963690-46524d7daef2
